Ticker, Sector 
VNP, Clean Technology & Renewable Energy 
AW, Consumer Products & Services 
AAB, Financial Services 
ABRA, Mining 
ADN, Industrial Products & Services 
ACD, Financial Services 
ARA, Mining 
ACX, Industrial Products & Services 
ADCO, Technology 
ADEN, Industrial Products & Services 
DRX, Industrial Products & Services 
AAV, Oil & Gas 
ARE, Industrial Products & Services 
AEG, Consumer Products & Services 
AFN, Industrial Products & Services 
AGF, Financial Services 
AEM, Mining 
AIM, Consumer Products & Services 
AC, Consumer Products & Services 
BOS, Industrial Products & Services 
AKT, Industrial Products & Services 
AGI, Mining 
AD, Financial Services 
ALC, Industrial Products & Services 
ASTL, Industrial Products & Services 
AQN, Clean Technology & Renewable Energy 
ATD, Consumer Products & Services 
ALYA, Technology 
ALK, Mining 
AAUC, Mining 
AP, Real Estate 
AII, Mining 
ATCU, Mining 
ALA, Utilities & Pipelines 
ALS, Mining 
AIF, Technology 
HOT, Real Estate 
USA, Mining 
ARG, Mining 
ANRG, Clean Technology & Renewable Energy 
APM, Mining 
ADW, Consumer Products & Services 
APLI, Life Sciences 
APS, Life Sciences 
ARX, Oil & Gas 
ARIS, Mining 
ATZ, Consumer Products & Services 
AMC, Mining 
ASCU, Mining 
ACO, Utilities & Pipelines 
ATH, Oil & Gas 
ATRL, Industrial Products & Services 
AI, Financial Services 
ATS, Industrial Products & Services 
ACB, Life Sciences 
ACQ, Consumer Products & Services 
APR, Real Estate 
XLY, Consumer Products & Services 
AVL, Mining 
AVNT, Life Sciences 
AVCN, Life Sciences 
ASM, Mining 
AYA, Mining 
BTO, Mining 
BDGI, Industrial Products & Services 
BLDP, Clean Technology & Renewable Energy 
BMO, Financial Services 
BNS, Financial Services 
ABX, Mining 
BLCO, Life Sciences 
BHC, Life Sciences 
BYL, Technology 
BTE, Oil & Gas 
BCE, Comm. & Media 
BEK, Real Estate 
BSX, Mining 
BNG, Oil & Gas 
BOIL, Industrial Products & Services 
BR, Consumer Products & Services 
BIR, Oil & Gas 
BCHT, Clean Technology & Renewable Energy 
BDT, Industrial Products & Services 
BITF, Technology 
BDI, Industrial Products & Services 
BKI, Mining 
BB, Technology 
BLN, Technology 
BGAU, Mining 
BAMI, Comm. & Media 
GBT, Consumer Products & Services 
BEI, Real Estate 
BBD, Industrial Products & Services 
BNE, Oil & Gas 
BLX, Clean Technology & Renewable Energy 
BPF, Consumer Products & Services 
BYD, Industrial Products & Services 
BRAG, Technology 
BCT, Life Sciences 
BRY, Industrial Products & Services 
BRE, Real Estate 
BAM, Financial Services 
BBUC, Industrial Products & Services 
BBU, Real Estate 
BN, Financial Services 
BIPC, Industrial Products & Services 
BIP, Industrial Products & Services 
BPO, Real Estate 
BPYP, Real Estate 
BPS, Financial Services 
BEPC, Clean Technology & Renewable Energy 
BEP, Clean Technology & Renewable Energy 
BRF, Clean Technology & Renewable Energy 
BNT, Financial Services 
DOO, Consumer Products & Services 
HOM, Real Estate 
BTB, Real Estate 
BU, Clean Technology & Renewable Energy 
CAE, Technology 
CWL, Industrial Products & Services 
CFW, Industrial Products & Services 
CGY, Technology 
CCO, Mining 
CF, Financial Services 
GOOS, Consumer Products & Services 
CPKR, Consumer Products & Services 
CAR, Real Estate 
CM, Financial Services 
CNR, Industrial Products & Services 
CNQ, Oil & Gas 
CP, Industrial Products & Services 
CTC, Consumer Products & Services 
CU, Utilities & Pipelines 
CCM, Mining 
CFP, Industrial Products & Services 
CFX, Industrial Products & Services 
ICE, Real Estate 
WEED, Life Sciences 
CPX, Utilities & Pipelines 
CS, Mining 
CSE, Clean Technology & Renewable Energy 
CJ, Oil & Gas 
CRDL, Life Sciences 
CRRX, Life Sciences 
CJT, Industrial Products & Services 
CUP, Utilities & Pipelines 
CAS, Clean Technology & Renewable Energy 
CVVY, Oil & Gas 
CCL, Industrial Products & Services 
CLS, Technology 
CEMX, Industrial Products & Services 
CVE, Oil & Gas 
CG, Mining 
CNT, Mining 
CEU, Industrial Products & Services 
GIB, Technology 
CIA, Mining 
CWEB, Life Sciences 
CSH, Real Estate 
CHE, Industrial Products & Services 
CGG, Mining 
CHP, Real Estate 
CHR, Industrial Products & Services 
CGX, Comm. & Media 
CPH, Life Sciences 
CVG, Financial Services 
CKI, Industrial Products & Services 
CCA, Comm. & Media 
CGO, Comm. & Media 
CNL, Mining 
CIGI, Real Estate 
CMG, Technology 
CDR, Oil & Gas 
CFF, Industrial Products & Services 
CSU, Technology 
CCS, Financial Services 
COPR, Mining 
CSW, Consumer Products & Services 
CJR, Comm. & Media 
CSCI, Life Sciences 
CVO, Technology 
CTX, Life Sciences 
CRR, Real Estate 
CRON, Life Sciences 
CRWN, Financial Services 
CRT, Real Estate 
CIU, Utilities & Pipelines 
CURA, Life Sciences 
CXI, Financial Services 
DTOL, Technology 
DCM, Industrial Products & Services 
DBO, Technology 
DFY, Financial Services 
DML, Mining 
DSG, Technology 
DXT, Industrial Products & Services 
DRT, Clean Technology & Renewable Energy 
DSV, Mining 
DIV, Industrial Products & Services 
DCBO, Technology 
DOL, Consumer Products & Services 
DBM, Industrial Products & Services 
DLCG, Financial Services 
DII, Consumer Products & Services 
DPM, Mining 
MPCT, Real Estate 
DIR, Real Estate 
D, Real Estate 
DRM, Real Estate 
DHT, Life Sciences 
DC, Financial Services 
DND, Technology 
DYA, Clean Technology & Renewable Energy 
DNG, Mining 
EAGR, Technology 
ELR, Mining 
ECN, Financial Services 
ECOR, Mining 
ECO, Clean Technology & Renewable Energy 
ELF, Financial Services 
ELD, Mining 
ELVA, Clean Technology & Renewable Energy 
EFN, Industrial Products & Services 
ELO, Mining 
BABY, Life Sciences 
EMA, Utilities & Pipelines 
EMP, Consumer Products & Services 
ENB, Utilities & Pipelines 
EDV, Mining 
EDR, Mining 
EFX, Industrial Products & Services 
EFR, Mining 
ENGH, Technology 
ESI, Industrial Products & Services 
E, Industrial Products & Services 
EGLX, Technology 
ETG, Mining 
EQB, Financial Services 
EQX, Mining 
ERD, Mining 
ERO, Mining 
EPRX, Life Sciences 
ESM, Mining 
ERE, Real Estate 
ET, Technology 
EIF, Financial Services 
XTC, Industrial Products & Services 
EXE, Real Estate 
FFH, Financial Services 
FIH, Financial Services 
FDY, Mining 
FRX, Life Sciences 
FSZ, Financial Services 
FTT, Industrial Products & Services 
FTG, Technology 
FFM, Mining 
FC, Financial Services 
FCD, Real Estate 
FCR, Real Estate 
AG, Mining 
FF, Mining 
FN, Financial Services 
FM, Mining 
FSV, Real Estate 
MHC, Real Estate 
FLNT, Industrial Products & Services 
FAR, Industrial Products & Services 
FOM, Mining 
FSY, Mining 
FTS, Utilities & Pipelines 
FVI, Mining 
FT, Mining 
FNV, Mining 
FVL, Mining 
FRU, Oil & Gas 
FEC, Oil & Gas 
FURY, Mining 
FMR, Mining 
GMIN, Mining 
GTWO, Mining 
GLXY, Financial Services 
GAU, Mining 
GH, Consumer Products & Services 
GDI, Industrial Products & Services 
GENM, Mining 
GDC, Real Estate 
GEO, Industrial Products & Services 
WN, Consumer Products & Services 
GFL, Industrial Products & Services 
GEI, Industrial Products & Services 
GIL, Consumer Products & Services 
GVC, Comm. & Media 
GLO, Mining 
GEC, Consumer Products & Services 
GMX, Mining 
GO, Real Estate 
GSY, Financial Services 
GGD, Mining 
GRC, Mining 
AUMN, Mining 
GOLD, Mining 
XAU, Financial Services 
GDL, Industrial Products & Services 
FOOD, Consumer Products & Services 
GTE, Oil & Gas 
GRT, Real Estate 
GWO, Financial Services 
GFR, Oil & Gas 
GFP, Industrial Products & Services 
MOLY, Mining 
GRN, Clean Technology & Renewable Energy 
GRGD, Consumer Products & Services 
GCG, Financial Services 
GCU, Mining 
GURU, Consumer Products & Services 
HR, Real Estate 
HAI, Technology 
HMM, Industrial Products & Services 
HPS, Industrial Products & Services 
HWX, Oil & Gas 
AIDX, Life Sciences 
HFPC, Financial Services 
HBP, Life Sciences 
HWO, Industrial Products & Services 
HLF, Consumer Products & Services 
HSLV, Mining 
HLS, Life Sciences 
HBM, Mining 
HUT, Technology 
H, Utilities & Pipelines 
IAU, Mining 
IAG, Financial Services 
IMG, Mining 
IFA, Consumer Products & Services 
IGM, Financial Services 
ILLM, Technology 
III, Mining 
IMO, Oil & Gas 
ISC, Technology 
INO, Real Estate 
IPO, Oil & Gas 
IFC, Financial Services 
IFP, Industrial Products & Services 
IMP, Technology 
IPCO, Oil & Gas 
ITH, Mining 
IIP, Real Estate 
IVQ, Real Estate 
ISO, Mining 
IE, Mining 
IVN, Mining 
JAG, Mining 
JWEL, Consumer Products & Services 
JOY, Oil & Gas 
KNT, Mining 
KRN, Mining 
KBL, Industrial Products & Services 
KLS, Industrial Products & Services 
KEL, Oil & Gas 
KEY, Utilities & Pipelines 
KMP, Real Estate 
KXS, Technology 
K, Mining 
KITS, Consumer Products & Services 
KSI, Technology 
GUD, Life Sciences 
KEI, Oil & Gas 
KPT, Clean Technology & Renewable Energy 
LIF, Mining 
LAM, Mining 
LGO, Mining 
LAS, Consumer Products & Services 
LB, Financial Services 
LNF, Consumer Products & Services 
LGD, Mining 
LSPD, Technology 
LNR, Industrial Products & Services 
LAC, Mining 
LAR, Mining 
LIRC, Mining 
L, Consumer Products & Services 
LUC, Mining 
LUG, Mining 
LUN, Mining 
MPC, Real Estate 
MAL, Industrial Products & Services 
MG, Industrial Products & Services 
MEQ, Real Estate 
MDI, Industrial Products & Services 
MAK, SPAC 
MFC, Financial Services 
MFI, Consumer Products & Services 
MARI, Mining 
MRE, Industrial Products & Services 
MATR, Industrial Products & Services 
MXG, Utilities & Pipelines 
MKP, Financial Services 
MCB, Industrial Products & Services 
MUX, Mining 
MDA, Technology 
MDP, Life Sciences 
DR, Real Estate 
MDNA, Life Sciences 
LABS, Life Sciences 
MGA, Mining 
MRD, Real Estate 
SPAC, SPAC 
MER, Oil & Gas 
MNO, Mining 
MX, Industrial Products & Services 
MRU, Consumer Products & Services 
MBX, Life Sciences 
MSV, Mining 
MSA, Mining 
MI, Real Estate 
TPX, Consumer Products & Services 
MAU, Mining 
MRC, Real Estate 
MRG, Real Estate 
MRT, Real Estate 
MPVD, Mining 
MTY, Consumer Products & Services 
MTL, Industrial Products & Services 
NANO, Clean Technology & Renewable Energy 
GRA, Clean Technology & Renewable Energy 
NEO, Industrial Products & Services 
AIAI, Life Sciences 
NGD, Mining 
NUAG, Mining 
NXE, Mining 
NEXT, Mining 
NXR, Real Estate 
NFI, Clean Technology & Renewable Energy 
NGEX, Mining 
NOA, Industrial Products & Services 
NWC, Consumer Products & Services 
NCF, Mining 
NDM, Mining 
NPI, Clean Technology & Renewable Energy 
NRR, Real Estate 
NWH, Real Estate 
NOU, Mining 
NG, Mining 
NVO, Mining 
NUMI, Life Sciences 
NTR, Mining 
SFD, Technology 
OBE, Oil & Gas 
OGC, Mining 
OLY, Financial Services 
ONEX, Financial Services 
OTEX, Technology 
OR, Mining 
OGD, Industrial Products & Services 
ORE, Mining 
OGI, Life Sciences 
ORIO, Financial Services 
OLA, Mining 
ORV, Mining 
OM, Mining 
OCG, Mining 
OVV, Oil & Gas 
PDN, Mining 
PAAS, Mining 
POU, Oil & Gas 
PXT, Oil & Gas 
PSI, Industrial Products & Services 
PPL, Utilities & Pipelines 
PPTA, Mining 
PRU, Mining 
PET, Consumer Products & Services 
TAL, Oil & Gas 
PRQ, Oil & Gas 
PEY, Oil & Gas 
PHX, Industrial Products & Services 
PNE, Oil & Gas 
PNP, Financial Services 
PZA, Consumer Products & Services 
PTM, Mining 
PLZ, Real Estate 
PMET, Mining 
PIF, Clean Technology & Renewable Energy 
PBL, Consumer Products & Services 
PNC, Comm. & Media 
POW, Financial Services 
PWF, Financial Services 
PPR, Oil & Gas 
PSK, Oil & Gas 
PD, Industrial Products & Services 
PBH, Consumer Products & Services 
PMZ, Real Estate 
PRV, Real Estate 
PRN, Life Sciences 
PRL, Technology 
PSD, Industrial Products & Services 
PYR, Clean Technology & Renewable Energy 
QTRH, Technology 
QBR, Comm. & Media 
QRC, Financial Services 
QEC, Oil & Gas 
QIPT, Life Sciences 
RPR, Real Estate 
RBA, Industrial Products & Services 
REAL, Technology 
QSR, Consumer Products & Services 
QSP, Consumer Products & Services 
RVX, Life Sciences 
RFA, Financial Services 
RIC, Industrial Products & Services 
RCH, Industrial Products & Services 
RIO, Mining 
REI, Real Estate 
RGSI, Industrial Products & Services 
RCI, Comm. & Media 
RSI, Consumer Products & Services 
ROOT, Consumer Products & Services 
RM, Mining 
RY, Financial Services 
RTG, Mining 
RUA, Mining 
RBY, Oil & Gas 
RUP, Mining 
RUS, Industrial Products & Services 
MIC, Financial Services 
SFC, Financial Services 
SLT, Financial Services 
STC, Technology 
SAP, Consumer Products & Services 
MSCL, Life Sciences 
SOIL, Oil & Gas 
SIS, Industrial Products & Services 
SEA, Mining 
SES, Industrial Products & Services 
SEC, Financial Services 
SBI, Mining 
SVA, Life Sciences 
S, Mining 
SHOP, Technology 
SIA, Real Estate 
SBR, Mining 
SVB, Mining 
ELEF, Mining 
AGMR, Mining 
SVM, Mining 
SRV, Consumer Products & Services 
SKE, Mining 
SGR, Real Estate 
SRU, Real Estate 
SGD, Mining 
SLS, Mining 
SLR, Mining 
SFI, Consumer Products & Services 
SHLE, Industrial Products & Services 
SOBO, Utilities & Pipelines 
SXGC, Mining 
SDE, Oil & Gas 
EDT, Life Sciences 
TOY, Consumer Products & Services 
SII, Financial Services 
SSRM, Mining 
SAU, Mining 
STCK, Financial Services 
STN, Industrial Products & Services 
DIAM, Mining 
SAM, Mining 
SJ, Industrial Products & Services 
STGO, Mining 
RAY, Comm. & Media 
STLR, Mining 
SVI, Real Estate 
STG, Industrial Products & Services 
SCR, Oil & Gas 
SLF, Financial Services 
SU, Oil & Gas 
SOY, Clean Technology & Renewable Energy 
SPB, Utilities & Pipelines 
SXP, Consumer Products & Services 
SGY, Oil & Gas 
SWP, Consumer Products & Services 
SYZ, Technology 
TBL, Industrial Products & Services 
TSK, Mining 
TLO, Mining 
TVE, Oil & Gas 
GRID, Clean Technology & Renewable Energy 
TKO, Mining 
TRP, Utilities & Pipelines 
TECK, Mining 
TCS, Technology 
TSAT, Technology 
T, Comm. & Media 
TNZ, Oil & Gas 
TGO, Comm. & Media 
TSND, Life Sciences 
TVK, Industrial Products & Services 
TFII, Industrial Products & Services 
THNC, Technology 
TRI, Comm. & Media 
TWM, Industrial Products & Services 
LCFS, Clean Technology & Renewable Energy 
TLRY, Consumer Products & Services 
TF, Financial Services 
TINY, Technology 
TI, Mining 
TTNM, Industrial Products & Services 
X, Financial Services 
TPZ, Oil & Gas 
TXG, Mining 
TIH, Industrial Products & Services 
TD, Financial Services 
TOT, Industrial Products & Services 
TXP, Oil & Gas 
TOU, Oil & Gas 
TA, Utilities & Pipelines 
TRZ, Consumer Products & Services 
TCL, Comm. & Media 
TSL, Industrial Products & Services 
TCW, Industrial Products & Services 
TMQ, Mining 
TFPM, Mining 
TSU, Financial Services 
TLG, Mining 
TNT, Real Estate 
TRX, Mining 
TC, Technology 
TVA, Comm. & Media 
TWC, Consumer Products & Services 
UNI, Consumer Products & Services 
URC, Mining 
URB, Financial Services 
URE, Mining 
VLE, Oil & Gas 
VCM, Technology 
VLN, Industrial Products & Services 
NPK, Mining 
VET, Oil & Gas 
VBNK, Financial Services 
VMET, Mining 
FORA, Technology 
VRTS, Comm. & Media 
VGZ, Mining 
VHI, Technology 
VZLA, Mining 
VOXR, Mining 
WJX, Industrial Products & Services 
WFC, Real Estate 
WM, Mining 
WCN, Industrial Products & Services 
WELL, Life Sciences 
WDO, Mining 
WFG, Industrial Products & Services 
WRN, Mining 
WRG, Industrial Products & Services 
WEF, Industrial Products & Services 
WRX, Mining 
WGX, Mining 
WPRT, Clean Technology & Renewable Energy 
WTE, Industrial Products & Services 
WPM, Mining 
WCP, Oil & Gas 
WILD, Comm. & Media 
WCM, Financial Services 
WPK, Industrial Products & Services 
WNDR, Technology 
WSP, Industrial Products & Services 
XTRA, Technology 
XTG, Mining 
YGR, Oil & Gas 
Y, Comm. & Media 
YRB, Mining 
